{
  "timestamp": "2026-01-31T15:37:39.907590",
  "n_snapshots": 14,
  "table_data": {
    "Portfolio Return": {
      "1v": "+0.38%",
      "1mo": "-2.63%",
      "3mo": "-2.63%",
      "6mo": "-2.63%",
      "YTD": "-2.63%",
      "1y": "-2.63%",
      "3y": "-2.63%",
      "5y": "-2.63%",
      "Sen start": "-2.63%"
    },
    "Benchmark Return": {
      "1v": "+0.34%",
      "1mo": "-0.41%",
      "3mo": "-0.41%",
      "6mo": "-0.41%",
      "YTD": "-0.41%",
      "1y": "-0.41%",
      "3y": "-0.41%",
      "5y": "-0.41%",
      "Sen start": "-0.41%"
    },
    "Alpha": {
      "1v": "+0.04%",
      "1mo": "-2.22%",
      "3mo": "-2.22%",
      "6mo": "-2.22%",
      "YTD": "-2.22%",
      "1y": "-2.22%",
      "3y": "-2.22%",
      "5y": "-2.22%",
      "Sen start": "-2.22%"
    },
    "Correlation": {
      "1v": "-0.23",
      "1mo": "-0.29",
      "3mo": "-0.29",
      "6mo": "-0.29",
      "YTD": "-0.29",
      "1y": "-0.29",
      "3y": "-0.29",
      "5y": "-0.29",
      "Sen start": "-0.29"
    },
    "Beta": {
      "1v": "-0.65",
      "1mo": "-0.41",
      "3mo": "-0.41",
      "6mo": "-0.41",
      "YTD": "-0.41",
      "1y": "-0.41",
      "3y": "-0.41",
      "5y": "-0.41",
      "Sen start": "-0.41"
    },
    "Sharpe (Portfolio)": {
      "1v": "1.20",
      "1mo": "-2.57",
      "3mo": "-2.57",
      "6mo": "-2.57",
      "YTD": "-2.57",
      "1y": "-2.57",
      "3y": "-2.57",
      "5y": "-2.57",
      "Sen start": "-2.57"
    },
    "Sharpe (Benchmark)": {
      "1v": "3.07",
      "1mo": "-0.50",
      "3mo": "-0.50",
      "6mo": "-0.50",
      "YTD": "-0.50",
      "1y": "-0.50",
      "3y": "-0.50",
      "5y": "-0.50",
      "Sen start": "-0.50"
    },
    "Tracking Error": {
      "1v": "+22.57%",
      "1mo": "+29.74%",
      "3mo": "+29.74%",
      "6mo": "+29.74%",
      "YTD": "+29.74%",
      "1y": "+29.74%",
      "3y": "+29.74%",
      "5y": "+29.74%",
      "Sen start": "+29.74%"
    },
    "Information Ratio": {
      "1v": "0.10",
      "1mo": "-1.60",
      "3mo": "-1.60",
      "6mo": "-1.60",
      "YTD": "-1.60",
      "1y": "-1.60",
      "3y": "-1.60",
      "5y": "-1.60",
      "Sen start": "-1.60"
    },
    "Max DD (Portfolio)": {
      "1v": "-8.53%",
      "1mo": "-11.79%",
      "3mo": "-11.79%",
      "6mo": "-11.79%",
      "YTD": "-11.79%",
      "1y": "-11.79%",
      "3y": "-11.79%",
      "5y": "-11.79%",
      "Sen start": "-11.79%"
    },
    "Max DD (Benchmark)": {
      "1v": "-0.57%",
      "1mo": "-2.95%",
      "3mo": "-2.95%",
      "6mo": "-2.95%",
      "YTD": "-2.95%",
      "1y": "-2.95%",
      "3y": "-2.95%",
      "5y": "-2.95%",
      "Sen start": "-2.95%"
    },
    "Sortino Ratio": {
      "1v": "3.05",
      "1mo": "-3.60",
      "3mo": "-3.60",
      "6mo": "-3.60",
      "YTD": "-3.60",
      "1y": "-3.60",
      "3y": "-3.60",
      "5y": "-3.60",
      "Sen start": "-3.60"
    },
    "Win Rate": {
      "1v": "+50.00%",
      "1mo": "+41.67%",
      "3mo": "+41.67%",
      "6mo": "+41.67%",
      "YTD": "+41.67%",
      "1y": "+41.67%",
      "3y": "+41.67%",
      "5y": "+41.67%",
      "Sen start": "+41.67%"
    },
    "Profit Factor": {
      "1v": "1.21",
      "1mo": "0.65",
      "3mo": "0.65",
      "6mo": "0.65",
      "YTD": "0.65",
      "1y": "0.65",
      "3y": "0.65",
      "5y": "0.65",
      "Sen start": "0.65"
    }
  }
}