{
  "positions": [
    {
      "current_z": -1.6808339701746584,
      "direction": "LONG",
      "entry_date": "2026-01-13 14:17",
      "entry_z": -2.108844977440336,
      "exit_z": 0.0,
      "exp_pnl_pct": 115.08449774403363,
      "hedge_ratio": 0.014562323523174965,
      "kelly": 0.5457228908486215,
      "leverage_x": 1.0,
      "leverage_y": 1.0,
      "mf_capital_x": 1065.3965095176966,
      "mf_capital_y": 1934.6034904823036,
      "mf_current_price_x": 73.33,
      "mf_current_price_y": 16.43,
      "mf_effective_leverage": 3.4923953717791445,
      "mf_entry_price_x": 69.99,
      "mf_entry_price_y": 18.47,
      "mf_exposure_x": 6994.374655899296,
      "mf_exposure_y": 3482.8114594381377,
      "mf_leverage_y": 2.0,
      "mf_qty_x": 30,
      "mf_qty_y": 209,
      "mf_total_capital": 3000.0,
      "mini_x_isin": "GB00BVPZHG10",
      "mini_x_name": "MINI S DOWJONES AVA 212",
      "mini_y_isin": "GB00BQRR0S33",
      "mini_y_name": "MINI L AMERICAN EXPRESS AVA 01",
      "notional": 3000,
      "pair": "AXP/^DJI",
      "previous_z": -1.6808339701746584,
      "rr": 5.391327877219495,
      "shares_x": 1,
      "shares_y": 2,
      "status": "OPEN",
      "stop_z": 2.5,
      "win_prob": 0.6168
    },
    {
      "current_z": -1.370939688379463,
      "direction": "LONG",
      "entry_date": "2026-01-15 08:13",
      "entry_z": -2.6532738413640695,
      "exit_z": 0.0,
      "exp_pnl_pct": 187.43238413640694,
      "hedge_ratio": 0.0021181359150756153,
      "kelly": 0.7064192968489316,
      "leverage_x": 1.0,
      "leverage_y": 1.0,
      "mf_capital_x": 1075.465341867044,
      "mf_capital_y": 1924.5346581329563,
      "mf_current_price_x": 78.13,
      "mf_current_price_y": 29.37,
      "mf_effective_leverage": 3.115827327667438,
      "mf_entry_price_x": 77.21,
      "mf_entry_price_y": 29.7,
      "mf_exposure_x": 6214.653231209283,
      "mf_exposure_y": 3132.82875179303,
      "mf_qty_x": 23,
      "mf_qty_y": 108,
      "mf_total_capital": 3000.0,
      "mini_x_isin": "GB00BVPZK956",
      "mini_x_name": "MINI S DOWJONES AVA 213",
      "mini_y_isin": "GB00BQRC5497",
      "mini_y_name": "MINI L BAML AVA 08",
      "notional": 3000,
      "pair": "BAC/^DJI",
      "previous_z": -1.370939688379463,
      "rr": 7.652361309577625,
      "shares_x": 1,
      "shares_y": 19,
      "status": "OPEN",
      "stop_z": 3.0,
      "win_prob": 0.74035
    },
    {
      "current_z": 1.3434952947627248,
      "direction": "SHORT",
      "entry_date": "2026-01-27 14:09",
      "entry_z": 2.0619853426532173,
      "exit_z": 0.0,
      "exp_pnl_pct": 120.92353426532176,
      "hedge_ratio": 4.198205427125677,
      "kelly": 0.5864422591371377,
      "leverage_x": 1.0,
      "leverage_y": 1.0,
      "mf_capital_x": 1623.3268803378794,
      "mf_capital_y": 1376.6731196621208,
      "mf_current_price_x": 186.66,
      "mf_current_price_y": 3.98,
      "mf_effective_leverage": 1.525364426718461,
      "mf_entry_price_x": 184.69,
      "mf_entry_price_y": 3.9,
      "mf_exposure_x": 1822.7470408311412,
      "mf_exposure_y": 2753.3462393242417,
      "mf_qty_x": 14,
      "mf_qty_y": 588,
      "mf_total_capital": 3000.0,
      "mini_x_isin": "GB00BL014W93",
      "mini_x_name": "MINI L LAM RESEARCH AVA 1",
      "mini_y_isin": "GB00BQR91D18",
      "mini_y_name": "BEAR ASML HOLDING X2 AVA 2",
      "notional": 3000,
      "pair": "ASML/LRCX",
      "previous_z": 1.3434952947627248,
      "rr": 4.7075715574073,
      "shares_x": 4,
      "shares_y": 1,
      "status": "OPEN",
      "stop_z": 2.5,
      "win_prob": 0.6589
    }
  ],
  "last_updated": "2026-02-01T08:05:28.862930",
  "last_saved_by": "Andreas-dator",
  "version": "1.1"
}