{
  "version": "1.0",
  "last_updated": "2026-01-30T22:00:59.638945",
  "snapshots": [
    {
      "timestamp": "2026-01-13T22:00:00.000000",
      "total_value": 6016.56,
      "total_invested": 5959.93,
      "unrealized_pnl": 56.63,
      "unrealized_pnl_pct": 0.95,
      "n_positions": 1,
      "positions_summary": [
        {
          "pair": "AXP/^DJI",
          "direction": "LONG",
          "z_score": -2.1,
          "pnl_pct": 0.95,
          "capital": 5959.93
        }
      ],
      "benchmark_price": 6968.0,
      "notes": "AXP entry day. Y: (18.24-18.47)*209=-48.07, X: (73.48-69.99)*30=+104.70"
    },
    {
      "timestamp": "2026-01-14T22:00:00.000000",
      "total_value": 5973.02,
      "total_invested": 5959.93,
      "unrealized_pnl": 13.09,
      "unrealized_pnl_pct": 0.22,
      "n_positions": 1,
      "positions_summary": [
        {
          "pair": "AXP/^DJI",
          "direction": "LONG",
          "z_score": -2.0,
          "pnl_pct": 0.22,
          "capital": 5959.93
        }
      ],
      "benchmark_price": 6926.6,
      "notes": "Y: (17.98-18.47)*209=-102.41, X: (73.84-69.99)*30=+115.50"
    },
    {
      "timestamp": "2026-01-15T22:00:00.000000",
      "total_value": 10930.36,
      "total_invested": 10943.36,
      "unrealized_pnl": -13.0,
      "unrealized_pnl_pct": -0.12,
      "n_positions": 2,
      "positions_summary": [
        {
          "pair": "AXP/^DJI",
          "direction": "LONG",
          "z_score": -1.9,
          "pnl_pct": 0.09,
          "capital": 5959.93
        },
        {
          "pair": "BAC/^DJI",
          "direction": "LONG",
          "z_score": -2.65,
          "pnl_pct": -0.37,
          "capital": 4983.43
        }
      ],
      "benchmark_price": 6963.74,
      "notes": "BAC entry day. AXP: +5.25, BAC: -18.25"
    },
    {
      "timestamp": "2026-01-16T22:00:00.000000",
      "total_value": 11111.76,
      "total_invested": 10943.36,
      "unrealized_pnl": 168.4,
      "unrealized_pnl_pct": 1.54,
      "n_positions": 2,
      "positions_summary": [
        {
          "pair": "AXP/^DJI",
          "direction": "LONG",
          "z_score": -1.8,
          "pnl_pct": 2.23,
          "capital": 5959.93
        },
        {
          "pair": "BAC/^DJI",
          "direction": "LONG",
          "z_score": -2.5,
          "pnl_pct": 0.71,
          "capital": 4983.43
        }
      ],
      "benchmark_price": 6940.01,
      "notes": "AXP: +133.10, BAC: +35.30"
    },
    {
      "timestamp": "2026-01-19T22:00:00.000000",
      "total_value": 11113.64,
      "total_invested": 10943.36,
      "unrealized_pnl": 170.28,
      "unrealized_pnl_pct": 1.56,
      "n_positions": 2,
      "positions_summary": [
        {
          "pair": "AXP/^DJI",
          "direction": "LONG",
          "z_score": -1.6,
          "pnl_pct": 2.04,
          "capital": 5959.93
        },
        {
          "pair": "BAC/^DJI",
          "direction": "LONG",
          "z_score": -2.3,
          "pnl_pct": 0.98,
          "capital": 4983.43
        }
      ],
      "benchmark_price": 6758.5,
      "notes": "AXP: +121.39, BAC: +48.89"
    },
    {
      "timestamp": "2026-01-20T22:00:00.000000",
      "total_value": 11234.67,
      "total_invested": 10943.36,
      "unrealized_pnl": 291.31,
      "unrealized_pnl_pct": 2.66,
      "n_positions": 2,
      "positions_summary": [
        {
          "pair": "AXP/^DJI",
          "direction": "LONG",
          "z_score": -1.4,
          "pnl_pct": 3.44,
          "capital": 5959.93
        },
        {
          "pair": "BAC/^DJI",
          "direction": "LONG",
          "z_score": -1.8,
          "pnl_pct": 1.73,
          "capital": 4983.43
        }
      ],
      "benchmark_price": 6796.86,
      "notes": "AXP: +205.23, BAC: +86.08"
    },
    {
      "timestamp": "2026-01-21T22:00:00.000000",
      "total_value": 10888.95,
      "total_invested": 10943.36,
      "unrealized_pnl": -54.41,
      "unrealized_pnl_pct": -0.5,
      "n_positions": 2,
      "positions_summary": [
        {
          "pair": "AXP/^DJI",
          "direction": "LONG",
          "z_score": -1.43,
          "pnl_pct": -0.03,
          "capital": 5959.93
        },
        {
          "pair": "BAC/^DJI",
          "direction": "LONG",
          "z_score": -1.79,
          "pnl_pct": -1.06,
          "capital": 4983.43
        }
      ],
      "benchmark_price": 6875.62,
      "notes": "AXP: -1.60, BAC: -52.81"
    },
    {
      "timestamp": "2026-01-22T22:00:44.816370",
      "total_value": 10829.63,
      "total_invested": 10943.36,
      "unrealized_pnl": -113.73,
      "unrealized_pnl_pct": -1.04,
      "n_positions": 2,
      "positions_summary": [
        {
          "pair": "AXP/^DJI",
          "direction": "LONG",
          "z_score": -1.2615097058325393,
          "pnl_pct": 0.47,
          "capital": 5959.93
        },
        {
          "pair": "BAC/^DJI",
          "direction": "LONG",
          "z_score": -2.5797919139602814,
          "pnl_pct": -2.85,
          "capital": 4983.43
        }
      ],
      "benchmark_price": 6913.3798828125,
      "notes": null
    },
    {
      "timestamp": "2026-01-23T22:00:47.266768",
      "total_value": 10717.71,
      "total_invested": 10943.36,
      "unrealized_pnl": -225.65,
      "unrealized_pnl_pct": -2.06,
      "n_positions": 2,
      "positions_summary": [
        {
          "pair": "AXP/^DJI",
          "direction": "LONG",
          "z_score": -1.0994508391892777,
          "pnl_pct": -0.73,
          "capital": 5959.93
        },
        {
          "pair": "BAC/^DJI",
          "direction": "LONG",
          "z_score": -2.5035533657687163,
          "pnl_pct": -3.66,
          "capital": 4983.43
        }
      ],
      "benchmark_price": 6915.6201171875,
      "notes": null
    },
    {
      "timestamp": "2026-01-26T22:00:36.116962",
      "total_value": 10579.73,
      "total_invested": 10943.36,
      "unrealized_pnl": -363.63,
      "unrealized_pnl_pct": -3.32,
      "n_positions": 2,
      "positions_summary": [
        {
          "pair": "AXP/^DJI",
          "direction": "LONG",
          "z_score": -1.2705248112014598,
          "pnl_pct": -2.22,
          "capital": 5959.93
        },
        {
          "pair": "BAC/^DJI",
          "direction": "LONG",
          "z_score": -2.5359861442092555,
          "pnl_pct": -4.64,
          "capital": 4983.43
        }
      ],
      "benchmark_price": 6950.27978515625,
      "notes": null
    },
    {
      "timestamp": "2026-01-27T22:00:39.513317",
      "total_value": 15397.58,
      "total_invested": 15822.22,
      "unrealized_pnl": -424.64,
      "unrealized_pnl_pct": -2.68,
      "n_positions": 3,
      "positions_summary": [
        {
          "pair": "AXP/^DJI",
          "direction": "LONG",
          "z_score": -1.489888795940679,
          "pnl_pct": -2.72,
          "capital": 5959.93
        },
        {
          "pair": "BAC/^DJI",
          "direction": "LONG",
          "z_score": -2.6039219443232993,
          "pnl_pct": -4.51,
          "capital": 4983.43
        },
        {
          "pair": "ASML/LRCX",
          "direction": "SHORT",
          "z_score": 2.0619853426532173,
          "pnl_pct": -0.77,
          "capital": 4878.86
        }
      ],
      "benchmark_price": 6978.56982421875,
      "notes": null
    },
    {
      "timestamp": "2026-01-29T08:09:23.627391",
      "total_value": 15435.85,
      "total_invested": 15822.22,
      "unrealized_pnl": -386.37,
      "unrealized_pnl_pct": -2.44,
      "n_positions": 3,
      "positions_summary": [
        {
          "pair": "AXP/^DJI",
          "direction": "LONG",
          "z_score": -1.4707828338168718,
          "pnl_pct": -4.31,
          "capital": 5959.93
        },
        {
          "pair": "BAC/^DJI",
          "direction": "LONG",
          "z_score": -2.3321681080833465,
          "pnl_pct": -5.21,
          "capital": 4983.43
        },
        {
          "pair": "ASML/LRCX",
          "direction": "SHORT",
          "z_score": 0.7948071739529262,
          "pnl_pct": 2.67,
          "capital": 4878.86
        }
      ],
      "benchmark_price": 6978.02978515625,
      "notes": null
    },
    {
      "timestamp": "2026-01-29T22:00:29.097693",
      "total_value": 15645.67,
      "total_invested": 15822.22,
      "unrealized_pnl": -176.55,
      "unrealized_pnl_pct": -1.12,
      "n_positions": 3,
      "positions_summary": [
        {
          "pair": "AXP/^DJI",
          "direction": "LONG",
          "z_score": -1.4707828338168718,
          "pnl_pct": -2.55,
          "capital": 5959.93
        },
        {
          "pair": "BAC/^DJI",
          "direction": "LONG",
          "z_score": -2.3321681080833465,
          "pnl_pct": -2.58,
          "capital": 4983.43
        },
        {
          "pair": "ASML/LRCX",
          "direction": "SHORT",
          "z_score": 0.7948071739529262,
          "pnl_pct": 2.13,
          "capital": 4878.86
        }
      ],
      "benchmark_price": 6968.81982421875,
      "notes": null
    },
    {
      "timestamp": "2026-01-30T22:00:59.630910",
      "total_value": 15556.2,
      "total_invested": 15822.22,
      "unrealized_pnl": -266.02,
      "unrealized_pnl_pct": -1.68,
      "n_positions": 3,
      "positions_summary": [
        {
          "pair": "AXP/^DJI",
          "direction": "LONG",
          "z_score": -1.4089887770743008,
          "pnl_pct": -5.47,
          "capital": 5959.93
        },
        {
          "pair": "BAC/^DJI",
          "direction": "LONG",
          "z_score": -1.6696585186622916,
          "pnl_pct": -0.29,
          "capital": 4983.43
        },
        {
          "pair": "ASML/LRCX",
          "direction": "SHORT",
          "z_score": 0.6567049086855369,
          "pnl_pct": 1.53,
          "capital": 4878.86
        }
      ],
      "benchmark_price": 6939.14013671875,
      "notes": null
    }
  ]
}