{
  "VOLV-B.ST": {
    "ib_symbol": "VOLV.B",
    "conId": 917920,
    "exchange": "",
    "primaryExchange": "SFB",
    "currency": "SEK",
    "secType": "STK",
    "historical_data_ok": false
  },
  "ABB.ST": {
    "ib_symbol": "ABB",
    "conId": 4620605,
    "exchange": "",
    "primaryExchange": "SFB",
    "currency": "SEK",
    "secType": "STK",
    "historical_data_ok": false
  },
  "SAND.ST": {
    "ib_symbol": "SAND",
    "conId": 8769361,
    "exchange": "",
    "primaryExchange": "SFB",
    "currency": "SEK",
    "secType": "STK",
    "historical_data_ok": false
  },
  "ASSA-B.ST": {
    "ib_symbol": "ASSA.B",
    "conId": 195567797,
    "exchange": "",
    "primaryExchange": "SFB",
    "currency": "SEK",
    "secType": "STK",
    "historical_data_ok": false
  },
  "SEB-A.ST": {
    "ib_symbol": "SEB.A",
    "conId": 917880,
    "exchange": "",
    "primaryExchange": "SFB",
    "currency": "SEK",
    "secType": "STK",
    "historical_data_ok": false
  },
  "ERIC-B.ST": {
    "ib_symbol": "ERIC",
    "conId": 268977,
    "exchange": "",
    "primaryExchange": "NASDAQ",
    "currency": "USD",
    "secType": "STK",
    "historical_data_ok": true,
    "latest_close": 10.8,
    "verified_exchange": "SMART",
    "verified_localSymbol": "ERIC"
  },
  "ATCO-A.ST": {
    "ib_symbol": "ATCO.A",
    "conId": 560782598,
    "exchange": "",
    "primaryExchange": "SFB",
    "currency": "SEK",
    "secType": "STK",
    "historical_data_ok": false
  },
  "AZN.ST": {
    "ib_symbol": "AZN",
    "conId": 4521593,
    "exchange": "",
    "primaryExchange": "NASDAQ",
    "currency": "USD",
    "secType": "STK",
    "historical_data_ok": false
  },
  "HM-B.ST": {
    "ib_symbol": "HM.B",
    "conId": 917850,
    "exchange": "",
    "primaryExchange": "SFB",
    "currency": "SEK",
    "secType": "STK",
    "historical_data_ok": false
  },
  "BOL.ST": {
    "ib_symbol": "BOL",
    "conId": 629855823,
    "exchange": "",
    "primaryExchange": "SFB",
    "currency": "SEK",
    "secType": "STK",
    "historical_data_ok": false
  },
  "ALFA.ST": {
    "ib_symbol": "ALFA",
    "conId": 2556841,
    "exchange": "",
    "primaryExchange": "SFB",
    "currency": "SEK",
    "secType": "STK",
    "historical_data_ok": false
  },
  "SAAB-B.ST": {
    "ib_symbol": "SAAB.B",
    "conId": 696509467,
    "exchange": "",
    "primaryExchange": "SFB",
    "currency": "SEK",
    "secType": "STK",
    "historical_data_ok": false
  },
  "TELIA.ST": {
    "ib_symbol": "TELIA",
    "conId": 33460181,
    "exchange": "",
    "primaryExchange": "SFB",
    "currency": "SEK",
    "secType": "STK",
    "historical_data_ok": false
  },
  "NDA-SE.ST": {
    "ib_symbol": "NDAQ",
    "conId": 29380756,
    "exchange": "",
    "primaryExchange": "NASDAQ",
    "currency": "USD",
    "secType": "STK",
    "historical_data_ok": true,
    "latest_close": 96.89,
    "verified_exchange": "SMART",
    "verified_localSymbol": "NDAQ"
  },
  "SWED-A.ST": {
    "ib_symbol": "SWED.A",
    "conId": 1329888,
    "exchange": "",
    "primaryExchange": "SFB",
    "currency": "SEK",
    "secType": "STK",
    "historical_data_ok": false
  },
  "SKF-B.ST": {
    "ib_symbol": "SKF.B",
    "conId": 917890,
    "exchange": "",
    "primaryExchange": "SFB",
    "currency": "SEK",
    "secType": "STK",
    "historical_data_ok": false
  }
}